{"cameraMode":{"drawMode":0,"name":"Shaded","section":"Shading Mode"},"sceneLighting":true,"audioPlay":false,"sceneViewState":{"m_AlwaysRefresh":false,"showFog":true,"showSkybox":true,"showFlares":true,"showImageEffects":true,"showParticleSystems":true,"showVisualEffectGraphs":true,"m_FxEnabled":true},"in2DMode":false,"pivot":{"x":2.996429681777954,"y":-0.03075730800628662,"z":2.1666040420532228},"rotation":{"x":-0.0243073683232069,"y":0.0020966590382158758,"z":-0.000050888316764030606,"w":-0.9997022151947022},"size":5.230466842651367,"orthographic":false}